INSERT INTO tb_cube_config VALUES ('10000', 'cn.com.jit.platform.settingsmanager.entity', 'title', '吉大正元产品平台');

INSERT INTO t_role VALUES ('ROLE_AUDIT', 'ROLE_AUDIT', '安全审计员', null, null, null, '0', '20180101000000', null, '20180101000000');
INSERT INTO t_role VALUES ('ROLE_SECURITY', 'ROLE_SECURITY', '安全保密管理员', null, null, null, '0', '20180101000000', null, '20180101000000');
INSERT INTO t_role VALUES ('ROLE_SYSTEM', 'ROLE_SYSTEM', '系统管理员', null, null, null, '0', '20180101000000', null, '20180101000000');

INSERT INTO t_admin VALUES ('DEFAULT_CERT_AUDIT', '安全审计管理员', '', '', '1', 'SYSTEM', 20180101000000, 'SYSTEM', 20180101000000);
INSERT INTO t_admin_auth VALUES ('DEFAULT_CERT_AUDIT', 'DEFAULT_CERT_AUDIT', 'de4fd3b77569eddfe79347d46f823b41', '0');
INSERT INTO t_admin_cert VALUES ('DEFAULT_CERT_AUDIT', 'DEFAULT_CERT_AUDIT', 'MIIDDDCCAfSgAwIBAgIIbtxOOdLbIy8wDQYJKoZIhvcNAQELBQAwSjELMAkGA1UEBhMCQ04xDDAKBgNVBAoMA0pJVDEXMBUGA1UECwwOd3d3LmppdC5jb20uY24xFDASBgNVBAMMC0pJVCBDQSAyMDQ4MCAXDTE4MDEyMzAzMDkzMloYDzIwNjcwNTA2MDMwOTMyWjBAMQswCQYDVQQGEwJDTjEMMAoGA1UECgwDSklUMSMwIQYDVQQDDBrlronlhajlrqHorqHnrqHnkIblkZhfMjA0ODCCASIwDQYJKoZIhvcNAQEBBQADggEPADCCAQoCggEBAJjt3yLV7i7toumZDEWcwGufm0inWdPdBYdwJZfuBihnnsz/IHr2KkHU3bLKvQte6WkH4suqgQJkxAeJxxHZFqLUCu89xZskqAMwg/P+YYcIc25+fsZdbbx2ZfbbAVlM3bw01uooAyxjGWe57YKEnOR8+b+P8Cm6MUoJ0gSXXTVh+w92gEE5kFLk8nyHjUREnrpQ9CXavxnhRfN7JozjyDmj0X04t2eve52XJ/JigkSLGETqC1kTVvAcweWrFy2j1S7XNTUcCOeapHhrMEL/S385AZ9g2hTX/9lxK2ZpGRR1e6f1PDzfg3O2oez2SDbLUMBE+E8nYuOrVDIMHJSh7pUCAwEAATANBgkqhkiG9w0BAQsFAAOCAQEAIId29YhDSnqoPLKZFvDTXvNdOjC+OlR0j4ud5yXQLZMF3XZsNRmgjsiwt1LeUp6fYuvZnj/IU9YytEY9oL50xDvycAaFvrGlJVejUcMHQ/oIT13TVr14FjTFMLRPv7eQPVAdVQnQ6Jvy1mDl2IsOROiATaKlQ0Fbh7bNw3cNgTPYlyHp98N+069csepr+YIl5s4FjvajCHgKxPkRkFizy/Do0EX9g29ndD8wcvbblGQy/L4UB90RrNO2AsHTLYT1rJdoWwZ7hpYYgUyxHCkxh3zm26HHkhuEVYnHZ5DKdSRDq0l1Yq8PQC25str8STl37Flvn9EVHhdasvwAwWqyfw==', 'CN=安全审计管理员_2048,O=JIT,C=CN', 'CN=JIT CA 2048,OU=www.jit.com.cn,O=JIT,C=CN', 'Nhl5jv29mZN7Jcys25MFFYrQrw8=', 'SYSTEM', 20180101000000, null, null);
INSERT INTO t_admin_role VALUES ('DEFAULT_CERT_AUDIT', 'DEFAULT_CERT_AUDIT', 'ROLE_AUDIT','SYSTEM',20180101000000,'SYSTEM',20180101000000);

INSERT INTO t_admin VALUES ('DEFAULT_CERT_SECURITY', '安全保密管理员', '', '', '1', 'SYSTEM', 20180101000000, 'SYSTEM', 20180101000000);
INSERT INTO t_admin_auth VALUES ('DEFAULT_CERT_SECURITY', 'DEFAULT_CERT_SECURITY', '9eb6d55ecaca182f1fda129593c676fd', '0');
INSERT INTO t_admin_cert VALUES ('DEFAULT_CERT_SECURITY', 'DEFAULT_CERT_SECURITY', 'MIIDDDCCAfSgAwIBAgIIen5+86z1XigwDQYJKoZIhvcNAQELBQAwSjELMAkGA1UEBhMCQ04xDDAKBgNVBAoMA0pJVDEXMBUGA1UECwwOd3d3LmppdC5jb20uY24xFDASBgNVBAMMC0pJVCBDQSAyMDQ4MCAXDTE4MDEyMzAzMTAyMloYDzIwNjcwNTA2MDMxMDIyWjBAMQswCQYDVQQGEwJDTjEMMAoGA1UECgwDSklUMSMwIQYDVQQDDBrlronlhajkv53lr4bnrqHnkIblkZhfMjA0ODCCASIwDQYJKoZIhvcNAQEBBQADggEPADCCAQoCggEBAMcDiSgqxny6EiQjqAy9Ecm2kSNkh14F+7fp4CaTEnToQ9sScsLSiXkwg4gyV6ctZQWJaWRzxx5VMmnHv+8+wHR4Gmz13zS71NwbGyJQJ1Tcw2sdTXF8QNlTGCi0Ryxbqe7ctISCFdFYS1n7AzvML47e6tWWw0P9VRjLnbZYgD5q+TVQWmhPVwEr8apFivLJC8MWh0YSLCc+vE1s2xGLuljETrnr8b3pzxQ2Y/aGhLih3KaGt2XDqiTxk/Sg5um0ZMpMJS2OPPLcfNbhtWu9gP2KtiQRFLzhLfqApZudWnjtTHbUH1/b43YW5HX1ETyzU5NpH1x9ffb6OMlNi5L54l0CAwEAATANBgkqhkiG9w0BAQsFAAOCAQEAII4JBra/HLFRLHTbkanDxPL8G3J2vaFlH6OYLbFm97WFYvirk0K3OOc8NedqHwL/KQUPityeyi5SP7vPJ/JK++XeSfB74Av48wHQnhJEc+KwDSpx8nA6++5+se4zfMMFzTRaPDFfEk9Luxu9U9OQNgOTa3tGQh3sY432EP0zw0JJFu9wR/I64WVLgP6j+2KuufAQRLbpJ2UqlHU/w6wAupbDV9dDCdcLUQPwn+x1W3PZYrON17GRZmBkGVgHYIMIVZAJ3NO0I4g1OyinfftFo+PEidt8hfpH6nCkU5yU01/6QhFvYhxrF+JFk43kxM02ON3S+CIVcmg3cnmHvJm14g==', 'CN=安全保密管理员_2048,O=JIT,C=CN', 'CN=JIT CA 2048,OU=www.jit.com.cn,O=JIT,C=CN', 'thsSVDqFaOWIEVhK0x51NqvM/gQ=', 'SYSTEM', 20180101000000, null, null);
INSERT INTO t_admin_role VALUES ('DEFAULT_CERT_SECURITY', 'DEFAULT_CERT_SECURITY', 'ROLE_SECURITY','SYSTEM',20180101000000,'SYSTEM',20180101000000);

INSERT INTO t_admin VALUES ('DEFAULT_CERT_SYSTEM', '系统管理员', '', '', '1', 'SYSTEM', 20180101000000, 'SYSTEM', 20180101000000);
INSERT INTO t_admin_auth VALUES ('DEFAULT_CERT_SYSTEM', 'DEFAULT_CERT_SYSTEM', '06c7556969c6945658e30cc3f525a81e', '0');
INSERT INTO t_admin_cert VALUES ('DEFAULT_CERT_SYSTEM', 'DEFAULT_CERT_SYSTEM', 'MIIDBjCCAe6gAwIBAgIIZWiuDCe/SPwwDQYJKoZIhvcNAQELBQAwSjELMAkGA1UEBhMCQ04xDDAKBgNVBAoMA0pJVDEXMBUGA1UECwwOd3d3LmppdC5jb20uY24xFDASBgNVBAMMC0pJVCBDQSAyMDQ4MCAXDTE4MDEyMzAzMDgzOVoYDzIwNjcwNTA2MDMwODM5WjA6MQswCQYDVQQGEwJDTjEMMAoGA1UECgwDSklUMR0wGwYDVQQDDBTns7vnu5/nrqHnkIblkZhfMjA0ODCCASIwDQYJKoZIhvcNAQEBBQADggEPADCCAQoCggEBAK/tZeq/cdGIF9Ugv+YuGWj8AZwTPonBr6zlOwVe1cJRgyjSDWJ3sw0O0ndx9i47ks0sDkm716OM4k2+kL3VUx8XfwGY/0tZYcb0VcfvRrg15hxSVeihwFrMdttNymAAtu4OuezNcGsKYjTf4g+bawpSD6wO4DhDHcnlUDTFnrYD6wWA2RodD5FiGrwjnXYclWZQIt+jwVAKvShtBa53avkNJubG3TbcOhNWIN5Mypk6k/4dWYgRfQXLnozv1iP9jnJOr9soBMiPumk4IAvneyOyNsbZN/8Xi3MndOHgJ0h+AfeGbxipe4K/BOBQMAToTYzSoutWuO1vRChrZ8mx3dUCAwEAATANBgkqhkiG9w0BAQsFAAOCAQEAUTvu/yLhQxO3pfgLwP/RyzMGB0tSb35TCiqUriHP+m9Vv4dma/uV9ZeAzL1rFsrzd2u5UZqvhfdOcbuyDqZh98pO8Hs/lkx00UlzdKpSemYiZ7/t3KiT0C04FQWdXkbnRkEvyj/4UkTJUcQ/OUe5WQsjRo/jNEY7jECGsqJvBv38RkTTBWzPhzN9hrOl3bZJE/hPkuhGwIzJb4vIId7oU8siPMhIYIXKNd678+tXX6eqvRR4DJpMDOlnTc43ru+PBlzVhOtdw3JDigc2u3NESmjMdA4xc99iKgPXQ9hrFmupZZvqKXFiFeEET1Qo3KrxodWH1FjKZJfmkCjX2t5JDw==', 'CN=系统管理员_2048,O=JIT,C=CN', 'CN=JIT CA 2048,OU=www.jit.com.cn,O=JIT,C=CN', 'wzkPpEcCY/YEUEnJgFyL06feK+g=', 'SYSTEM', 20180101000000, null, null);
INSERT INTO t_admin_role VALUES ('DEFAULT_CERT_SYSTEM', 'DEFAULT_CERT_SYSTEM', 'ROLE_SYSTEM','SYSTEM',20180101000000,'SYSTEM',20180101000000);

INSERT INTO t_admin VALUES ('DEFAULT_ACCOUNT', '默认系统管理员', '', '', '1', 'SYSTEM', 20180101000000, 'SYSTEM', 20180101000000);
INSERT INTO t_admin_account VALUES ('DEFAULT_ACCOUNT', 'DEFAULT_ACCOUNT', 'admin', '08b5253316832a18dc5478d11facce91', '0', 'SYSTEM',20180101000000, 'SYSTEM',20180101000000);
INSERT INTO t_admin_role VALUES ('DEFAULT_ACCOUNT_AUDIT', 'DEFAULT_ACCOUNT', 'ROLE_AUDIT','SYSTEM',20180101000000,'SYSTEM',20180101000000);
INSERT INTO t_admin_role VALUES ('DEFAULT_ACCOUNT_SECURITY', 'DEFAULT_ACCOUNT', 'ROLE_SECURITY','SYSTEM',20180101000000,'SYSTEM',20180101000000);
INSERT INTO t_admin_role VALUES ('DEFAULT_ACCOUNT_SYSTEM', 'DEFAULT_ACCOUNT', 'ROLE_SYSTEM','SYSTEM',20180101000000,'SYSTEM',20180101000000);

INSERT INTO `jit_common_cacert` (`id`,`name`,`rootcerttype`,`issuer`,`subject`,`notbefore`,`notafter`,`validity`,`superid`,`certverifydepth`,`checktype`,`subjectkeyidentifier`,`certentity`,`createby`,`createtime`,`lastmodifytime`,`lastmodifyby`) VALUES
 ('hIZZItSGb6k4rH8Dg3CFriBmyMjVCMZc','DEFAULT','default','CN=JIT CA 2048,OU=www.jit.com.cn,O=JIT,C=CN','CN=JIT CA 2048,OU=www.jit.com.cn,O=JIT,C=CN','2018-01-18 17:28:01','2068-01-07 17:28:01',18251,'root',0,0,'OGg/3rfthp5JXSRjnQfK3uILSk0=',0x308203753082025DA00302010202084AD0E4E5E4974F17300D06092A864886F70D01010B0500304A310B300906035504061302434E310C300A060355040A0C034A495431173015060355040B0C0E7777772E6A69742E636F6D2E636E3114301206035504030C0B4A495420434120323034383020170D3138303131383039323830315A180F32303638303130373039323830315A304A310B300906035504061302434E310C300A060355040A0C034A495431173015060355040B0C0E7777772E6A69742E636F6D2E636E3114301206035504030C0B4A4954204341203230343830820122300D06092A864886F70D01010105000382010F003082010A028201010092FA73866486D3E9734A6A8471B53192C28E8E28AEEF9130D19F411E4111A5818093C6129EB58B1E2DFC5DB49F6D667EE9A6A188796B50AB2591F971F1EF1C4602ACECD3EF1E5BF8A11FEAFD9CBC081192641072ED2BC8530BA0F5D56E2A7D405DFBFC3A296CB05A84F1B9E2A29A22A260055D6C976E1959FC7EF5C6D3DDD12C0FEA97E961D3108D47E15612BFD6AFE196107E7B81449AF280949DCE4E3C11488D25EA2B8478C885BAD068890E074A0CE9DD27D268DC7068CB9FF25CB59C726467CFEAD282D99B8E45A0F0AE60DD9ED1D89724E922B46BB3FDB478A95A3C59E67F090607E594012509D149E54D7F3BC880FCB29E87C0A5A886C31D6282881A8F0203010001A35D305B300B0603551D0F040403020106300C0603551D13040530030101FF301D0603551D0E0416041438683FDEB7ED869E495D24639D07CADEE20B4A4D301F0603551D2304183016801438683FDEB7ED869E495D24639D07CADEE20B4A4D300D06092A864886F70D01010B0500038201010013FC4DC97D86FF7F520820AC1EBD22413D5FB6FBD993EBF93940AC67694BA3D4B12B246B16E9D630AAEE4E1C38E8574A848E2B703DED10BEEEE381037FC37FE8DB64FDD17A92340875D7322BCD9E5961D4F050FED01A05C4D9962ED053A1CBF1407CF336BE88BAC0E63D154D396582A383B67348F5D69D2F35509C944F5A95F015B0C998D5D7FF3747B78A10915CB883C42CF8070D06DB25CA5A4FBE9CBF9757215D77699C61312DBB34DBDE31CBD285205B7FE5983632792EB4F8B3AA2FD247FE7CFBE25DFC75ACC2384DB45AEF1C6F1913D270058A4E9514E5CF2C44F8A439A322CE2C29EDC16CCCC7CA179DACDB97A13F97E805847021A7F74F5BAA70759A,NULL,'2018-07-27 10:42:51','2018-07-27 10:42:51',NULL);